depth,method,median_ms,min_ms,max_ms
2,图 DFS,0.006865000000289001,0.006400000006578921,0.014260000011745433
2,SQL 递归 CTE,0.01647999999931926,0.015809999990779033,0.019244999998591084
2,SQL 逐层 JOIN,0.015179999991232762,0.014420000002246525,0.025709999999889988
4,图 DFS,0.03184499998951651,0.030769999989388452,0.12935500001276523
4,SQL 递归 CTE,0.06381499999861262,0.06045000000085565,0.08096000001387438
4,SQL 逐层 JOIN,0.059319999991203076,0.05681000000095082,0.06807000002027053
6,图 DFS,0.1511200000095414,0.1284899999973277,0.16190999999707856
6,SQL 递归 CTE,0.24800000001050648,0.2451899999869056,0.27591999999003747
6,SQL 逐层 JOIN,0.20604500000445114,0.20537999998850864,0.2103550000128962
8,图 DFS,0.5635950000169032,0.5504050000126881,0.5866950000154247
8,SQL 递归 CTE,1.0333699999819146,1.0129450000022189,1.079794999986916
8,SQL 逐层 JOIN,0.7704699999976583,0.7566499999938969,0.785859999996319
